{
  "n_estimators": 326,
  "max_depth": 22,
  "min_samples_split": 2,
  "min_samples_leaf": 1,
  "max_features": 0.6747255659822655,
  "max_samples": 0.8923858547390912
}