{
  "cv_train80_summary": {
    "RMSE": {
      "mean": 0.10919199280280667,
      "std": 0.007271330292667202
    },
    "MAE": {
      "mean": 0.04091991090521173,
      "std": 0.002002419472181211
    },
    "R2": {
      "mean": 0.9200811797022636,
      "std": 0.010401042382612977
    },
    "NRMSE": {
      "mean": 0.2820257722906311,
      "std": 0.01898728844755473
    },
    "ME_bias": {
      "mean": -0.0012038754109161903,
      "std": 0.003155950674961441
    }
  },
  "n_splits": 5,
  "n_repeats": 10
}