train_frac,n_train,r2_train_mean,r2_train_std,r2_test20_mean,r2_test20_std,rmse_train_mean,rmse_train_std,rmse_test20_mean,rmse_test20_std
0.05,404,0.9686139898465171,0.005801903998739687,0.8333649454732657,0.016321939805358926,0.06812285994693071,0.006375939196567292,0.157029304509743,0.007659367073375524
0.1,807,0.97467990560779,0.003149049814894022,0.8663971965084094,0.008682508522294706,0.061552558604678606,0.00394544105627861,0.14068733729447047,0.004664965951494192
0.2,1614,0.9787908644820282,0.0016100807689124527,0.8920601978373408,0.004434569657936449,0.05655072632845433,0.0023775890200830453,0.126494206642866,0.00259392757723749
0.35,2825,0.9813407644884068,0.0018287492985710947,0.9065990628299382,0.006075108063479564,0.05295823106553943,0.0027802846735596534,0.1176324058094248,0.003862724845041948
0.5,4036,0.983206207270787,0.0016896871067061223,0.9135074147675073,0.0040075886279471225,0.05028703165171512,0.0025301032404340747,0.11322646182273459,0.0026059168244816524
0.7,5650,0.9844436951511588,0.0009307360986450142,0.9271425458540694,0.0029478182324721427,0.04825029745037113,0.0014518450042906948,0.1039249689384946,0.0020907728248870322
0.85,6861,0.9848685390188198,0.0004993111268237308,0.9307688138776127,0.0024305280206134167,0.04763358518014292,0.0008677590867561662,0.1013101670566818,0.0017729845039325593
1.0,8072,0.9857146300684896,8.444417109691953e-05,0.9350455793370989,0.00047387688336078326,0.046274838070672286,0.00013668986567381391,0.09814399809054546,0.00035818497567381724
