RMSE,MAE,R2,NRMSE,ME_bias
0.046097643429646555,0.016632000665987353,0.9858239344085215,0.119055908669419,-0.0005509662432767418
