RMSE,MAE,R2,NRMSE,ME_bias
0.09825444114456434,0.037316539896625096,0.9349000889159608,0.253760732674437,-0.004112768522103852
