{
  "enabled": true,
  "note": "",
  "oob_score_r2": 0.9258970104287133,
  "oob_rmse": 0.10539469027364617,
  "oob_mae": 0.03835680309369734,
  "oob_n_used": 8072
}