{
  "n_estimators": 502,
  "max_depth": 26,
  "min_samples_split": 2,
  "min_samples_leaf": 1,
  "max_features": 0.5859283746684858,
  "max_samples": 0.9766475075620996
}