{
  "cv_train80_summary": {
    "RMSE": {
      "mean": 0.13692146403915173,
      "std": 0.006486065000387454
    },
    "MAE": {
      "mean": 0.061854074570647725,
      "std": 0.0028275580958629057
    },
    "R2": {
      "mean": 0.8601479390322325,
      "std": 0.013241107697244191
    },
    "NRMSE": {
      "mean": 0.3733818081216521,
      "std": 0.0179348979267915
    },
    "ME_bias": {
      "mean": -0.002274556886629496,
      "std": 0.003682705998621879
    }
  },
  "n_splits": 5,
  "n_repeats": 10
}