train_frac,n_train,r2_train_mean,r2_train_std,r2_test20_mean,r2_test20_std,rmse_train_mean,rmse_train_std,rmse_test20_mean,rmse_test20_std
0.05,407,0.9656798954464133,0.003526198122377975,0.7333652605669131,0.027406022821150705,0.0677830437375942,0.0032541203059446256,0.18862865017403524,0.009636864572140321
0.1,814,0.9704012370940868,0.003923330693434663,0.7729706131805081,0.011786815048710016,0.06296607880284406,0.003600708762121738,0.1742083145408068,0.004510108639582215
0.2,1627,0.9711496236902459,0.0030680224965095237,0.8013566097506644,0.01195379257866496,0.062203182896270096,0.0032831143115986004,0.16293698103469556,0.004893195500317478
0.35,2847,0.9726690328468294,0.0012617734354457217,0.8222144185640621,0.00532429170006663,0.06071670029351739,0.0012352666566457001,0.15419238130815924,0.002317473919716347
0.5,4068,0.971857029821594,0.0016033034880428188,0.8373120966159109,0.008416903909081647,0.06152400257487778,0.0017209820457063363,0.14747054726590852,0.003820515704287577
0.7,5694,0.9727798586556885,0.001232685932276749,0.8478876778298587,0.00788881542176146,0.060498779224333034,0.0013938830389301836,0.14259600789469676,0.0037291762323862178
0.85,6915,0.9720047960636503,0.0010196968665979304,0.8572714443879177,0.003084553716230094,0.061478453468969615,0.0011709562413054495,0.13816287412331135,0.0014945209710735868
1.0,8135,0.9719940726626544,0.000129028596050941,0.8627956518702856,0.0005847752326684901,0.061367148564615684,0.0001413231608905204,0.13546959754650628,0.00028855221926602366
