RMSE,MAE,R2,NRMSE,ME_bias
0.1350760859737193,0.06222745586314758,0.8635921524907242,0.3683322715994603,-0.009263931812307285
