RMSE,MAE,R2,NRMSE,ME_bias
0.06141715544127871,0.026406762482352995,0.9719485450037885,0.16747539148613402,-0.0006750363479596705
