{
  "enabled": true,
  "note": "",
  "oob_score_r2": 0.8670248029866577,
  "oob_rmse": 0.13372029407568756,
  "oob_mae": 0.05924401876846876,
  "oob_n_used": 8135
}